id,Date,ProdNum,SalesTotal,ShiptoState
1,2022-01-01,105487-S,39.80,California
2,2022-01-01,105306-IT,381.80,California
3,2022-01-01,105833-B,153.04,California
4,2022-01-01,105612-B,594.24,California
5,2022-01-01,105514-T,1055.52,California
6,2022-01-01,105255-IT,1542.72,California
7,2022-01-01,105898-B,353.52,California
8,2022-01-01,105439-M,288.00,California
9,2022-01-01,105646-M,173.10,California
10,2022-01-01,105352-M,190.44,California
11,2022-01-01,105341-IT,8818.50,California
12,2022-01-01,105680-B,251.80,California
13,2022-01-01,105257-IT,5720.00,California
14,2022-01-01,105719-B,142.52,California
15,2022-01-01,105798-B,60.96,Florida
16,2022-01-01,105432-S,18.06,Georgia
17,2022-01-01,105588-S,56.70,Illinois
18,2022-01-01,105649-A,342.72,Missouri
19,2022-01-01,105482-T,1931.20,"New York"
20,2022-01-01,105793-B,77.44,Oregon
21,2022-01-01,105712-S,12.04,Oregon
22,2022-01-01,105431-M,145.68,Oregon
23,2022-01-01,105715-A,39.75,Oregon
24,2022-01-01,105501-A,366.80,Oregon
25,2022-01-01,105543-S,23.04,Oregon
26,2022-01-01,105795-S,42.14,Oregon
27,2022-01-01,105302-IT,386.80,Oregon
28,2022-01-01,105587-S,24.08,Oregon
29,2022-01-01,105719-B,162.88,Oregon
30,2022-01-01,105627-S,11.52,Texas
31,2022-01-01,105615-B,144.60,Texas
32,2022-01-01,105300-IT,233.43,Washington
33,2022-01-01,105535-A,198.00,Washington
34,2022-01-01,105755-A,173.10,Washington
35,2022-01-01,105710-A,45.45,Washington
36,2022-01-01,105760-S,47.10,Washington
37,2022-01-01,105272-IT,312.70,Washington
38,2022-01-01,105763-S,70.70,Washington
39,2022-01-01,105352-M,285.66,Washington
40,2022-01-01,105501-A,262.00,Washington
41,2022-01-01,105273-IT,1214.08,Washington
42,2022-01-01,105312-IT,206.64,California
43,2022-01-01,105837-S,86.80,California
44,2022-01-01,105594-T,722.00,Washington
45,2022-01-01,105636-S,12.32,Washington
46,2022-01-01,105832-S,114.56,Washington
47,2022-01-01,105330-IT,11011.52,California
48,2022-01-01,105277-IT,2177.92,Washington
49,2022-01-01,105580-B,226.88,Oregon
50,2022-01-01,105787-A,97.92,Washington
51,2022-01-01,105798-B,45.72,California
52,2022-01-01,105574-A,13.13,California
53,2022-01-01,105523-M,72.90,Washington
54,2022-01-01,105688-S,12.12,Illinois
55,2022-01-01,105375-S,47.95,Oregon
56,2022-01-01,105746-B,159.12,Washington
57,2022-01-01,105665-T,1085.00,Missouri
58,2022-01-01,105856-B,169.40,Washington
59,2022-01-01,105413-A,230.80,Oregon
60,2022-01-01,105323-IT,28.69,Oregon
61,2022-01-01,105840-A,238.32,California
62,2022-01-01,105859-B,24.20,Oregon
63,2022-01-01,105735-M,355.20,Oregon
64,2022-01-01,105596-S,25.76,California
65,2022-01-01,105443-M,9.09,Oregon
66,2022-01-01,105849-B,63.50,Oregon
67,2022-01-01,105482-T,965.60,Oregon
68,2022-01-01,105309-IT,226.26,Washington
69,2022-01-01,105831-B,61.08,Washington
70,2022-01-01,105275-IT,1186.40,California
71,2022-01-01,105689-S,30.48,Oregon
72,2022-01-01,105692-S,50.80,Oregon
73,2022-01-01,105884-B,101.80,Washington
74,2022-01-01,105559-S,30.48,Washington
75,2022-01-01,105442-A,191.10,Washington
76,2022-01-02,105262-IT,3621.00,California
77,2022-01-02,105312-IT,206.64,California
78,2022-01-02,105256-IT,752.82,California
79,2022-01-02,105300-IT,622.48,California
80,2022-01-02,105441-S,39.25,California
81,2022-01-02,105837-S,86.80,California
82,2022-01-02,105324-IT,10354.40,California
83,2022-01-02,105305-IT,76.36,California
84,2022-01-02,105691-M,159.00,California
85,2022-01-02,105405-M,183.42,California
86,2022-01-02,105667-M,21.00,California
87,2022-01-02,105771-B,140.64,California
88,2022-01-02,105355-B,97.12,California
89,2022-01-02,105411-S,81.44,California
90,2022-01-02,105721-B,87.90,California
91,2022-01-02,105419-B,121.92,California
92,2022-01-02,105868-B,122.16,California
93,2022-01-02,105506-B,70.80,California
94,2022-01-02,105421-S,49.75,California
95,2022-01-02,105623-A,50.96,Illinois
96,2022-01-02,105514-T,791.64,Montana
97,2022-01-02,105569-M,42.00,"New York"
98,2022-01-02,105312-IT,68.88,Oregon
99,2022-01-02,105781-B,193.60,Oregon
100,2022-01-02,105732-B,101.80,Oregon
101,2022-01-02,105833-B,612.16,Oregon
102,2022-01-02,105595-S,37.20,Oregon
103,2022-01-02,105514-T,1319.40,Oregon
104,2022-01-02,105763-S,70.70,Oregon
105,2022-01-02,105808-M,106.08,Oregon
106,2022-01-02,105533-M,158.40,Oregon
107,2022-01-02,105352-M,238.05,Oregon
108,2022-01-02,105454-M,84.00,Oregon
109,2022-01-02,105363-M,58.44,Oregon
110,2022-01-02,105668-S,54.95,Oregon
111,2022-01-02,105877-B,81.44,Oregon
112,2022-01-02,105835-B,19.36,Oregon
113,2022-01-02,105508-S,54.54,Oregon
114,2022-01-02,105574-A,78.78,Texas
115,2022-01-02,105465-A,140.64,Washington
116,2022-01-02,105712-S,12.04,Washington
117,2022-01-02,105813-A,100.00,Washington
118,2022-01-02,105566-A,238.32,Washington
119,2022-01-02,105571-M,104.80,Washington
120,2022-01-02,105624-M,171.36,Washington
121,2022-01-02,105468-S,106.20,Washington
122,2022-01-02,105430-A,116.88,Washington
123,2022-01-02,105847-B,81.44,Washington
124,2022-01-02,105647-B,123.90,Washington
125,2022-01-02,105306-IT,381.80,California
126,2022-01-02,105760-S,47.10,Washington
127,2022-01-02,105763-S,70.70,Washington
128,2022-01-02,105777-A,244.56,Oregon
129,2022-01-02,105358-A,56.00,California
130,2022-01-02,105321-IT,57.76,Oregon
131,2022-01-02,105496-M,173.52,Washington
132,2022-01-02,105253-IT,4009.40,Washington
133,2022-01-02,105398-A,211.84,Oregon
134,2022-01-02,105251-IT,3309.80,California
135,2022-01-02,105648-B,211.20,Oregon
136,2022-01-02,105817-B,48.48,Illinois
137,2022-01-02,105485-T,1234.80,Oregon
138,2022-01-02,105320-IT,241.28,Washington
139,2022-01-02,105569-M,12.00,Washington
140,2022-01-02,105532-A,259.80,Oregon
141,2022-01-02,105701-M,72.99,Washington
142,2022-01-02,105517-S,7.85,Washington
143,2022-01-02,105404-M,77.92,California
144,2022-01-02,105354-T,1064.80,Oregon
145,2022-01-02,105535-A,528.00,Oregon
146,2022-01-02,105447-M,407.68,Oregon
147,2022-01-02,105359-B,70.32,Washington
148,2022-01-02,105489-S,14.40,Washington
149,2022-01-02,105884-B,40.72,California
150,2022-01-02,105306-IT,381.80,Oregon
151,2022-01-02,105407-T,1790.40,Washington
152,2022-01-02,105620-M,121.40,Illinois
153,2022-01-02,105817-B,24.24,Washington
154,2022-01-02,105729-A,24.30,California
155,2022-01-02,105418-B,81.44,California
156,2022-01-02,105576-S,14.40,Ohio
157,2022-01-02,105560-M,48.00,Washington
158,2022-01-02,105415-A,122.28,Washington
159,2022-01-02,105471-S,54.95,Washington
160,2022-01-02,105414-S,42.14,California
161,2022-01-02,105874-B,145.68,Oregon
162,2022-01-02,105436-S,4.32,Washington
163,2022-01-02,105736-M,81.44,Oregon
164,2022-01-02,105306-IT,610.88,Washington
165,2022-01-03,105819-B,70.32,California
166,2022-01-03,105879-B,152.70,California
167,2022-01-03,105712-S,30.10,California
168,2022-01-03,105878-S,52.52,California
169,2022-01-03,105588-S,37.80,California
170,2022-01-03,105764-B,519.96,California
171,2022-01-03,105720-A,8.00,California
172,2022-01-03,105482-T,1931.20,Florida
173,2022-01-03,105598-T,1030.80,Florida
174,2022-01-03,105626-S,30.10,"New York"
175,2022-01-03,105257-IT,715.00,Ohio
176,2022-01-03,105283-IT,1186.40,Oregon
177,2022-01-03,105465-A,117.20,Oregon
178,2022-01-03,105559-S,50.80,Oregon
179,2022-01-03,105526-S,58.08,Oregon
180,2022-01-03,105549-S,12.96,Oregon
181,2022-01-03,105605-M,97.12,Oregon
182,2022-01-03,105473-M,24.00,Oregon
183,2022-01-03,105607-M,36.90,Oregon
184,2022-01-03,105727-M,356.72,Oregon
185,2022-01-03,105677-A,61.14,Oregon
186,2022-01-03,105576-S,12.00,Oregon
187,2022-01-03,105641-A,79.56,Oregon
188,2022-01-03,105584-B,121.40,Oregon
189,2022-01-03,105517-S,39.25,Oregon
190,2022-01-03,105596-S,25.76,Washington
191,2022-01-03,105705-S,61.08,Washington
192,2022-01-03,105879-B,25.45,Washington
193,2022-01-03,105852-S,25.44,Washington
194,2022-01-03,105478-B,141.60,Washington
195,2022-01-03,105703-B,141.60,Washington
196,2022-01-03,105594-T,722.00,Washington
197,2022-01-03,105439-M,288.00,Washington
198,2022-01-03,105589-M,70.32,Washington
199,2022-01-03,105529-M,16.60,Washington
200,2022-01-03,105406-M,114.24,Washington
201,2022-01-03,105649-A,342.72,Washington
202,2022-01-03,105508-S,27.27,Washington
203,2022-01-03,105480-M,96.00,Wyoming
204,2022-01-03,105487-S,39.80,California
205,2022-01-03,105514-T,1319.40,Oregon
206,2022-01-03,105668-S,54.95,Oregon
207,2022-01-03,105375-S,54.80,California
208,2022-01-03,105451-S,52.16,California
209,2022-01-03,105593-S,81.44,California
210,2022-01-03,105434-S,17.28,California
211,2022-01-03,105734-M,114.24,Oregon
212,2022-01-03,105425-M,396.00,Washington
213,2022-01-03,105753-M,509.60,Washington
214,2022-01-03,105353-A,142.52,Washington
215,2022-01-03,105309-IT,377.10,California
216,2022-01-03,105623-A,305.76,California
217,2022-01-03,105647-B,88.50,"South Carolina"
218,2022-01-03,105318-IT,91.86,Washington
219,2022-01-03,105718-B,194.24,California
220,2022-01-03,105630-B,242.16,California
221,2022-01-03,105349-M,16.00,California
222,2022-01-03,105594-T,866.40,Oregon
223,2022-01-03,105408-S,8.64,California
224,2022-01-03,105498-M,158.88,Oregon
225,2022-01-03,105664-A,24.24,Washington
226,2022-01-03,105793-B,58.08,California
227,2022-01-03,105649-A,114.24,California
228,2022-01-03,105514-T,263.88,Alabama
229,2022-01-03,105440-M,230.80,California
230,2022-01-03,105276-IT,1688.58,California
231,2022-01-03,105595-S,99.20,Washington
232,2022-01-03,105820-B,168.48,Washington
233,2022-01-03,105732-B,81.44,Texas
234,2022-01-03,105250-IT,6698.24,Washington
235,2022-01-03,105608-A,12.15,California
236,2022-01-03,105472-S,48.16,Oregon
237,2022-01-03,105639-M,198.75,California
238,2022-01-03,105472-S,42.14,Washington
239,2022-01-03,105648-B,132.00,Ohio
240,2022-01-03,105713-S,74.40,Washington
241,2022-01-04,105283-IT,1898.24,California
242,2022-01-04,105652-S,60.96,California
243,2022-01-04,105799-S,2.40,California
244,2022-01-04,105783-B,234.40,California
245,2022-01-04,105567-B,106.08,California
246,2022-01-04,105313-IT,413.28,California
247,2022-01-04,105498-M,119.16,California
248,2022-01-04,105727-M,203.84,California
249,2022-01-04,105751-M,53.04,California
250,2022-01-04,105375-S,54.80,California
251,2022-01-04,105451-S,52.16,California
252,2022-01-04,105593-S,81.44,California
253,2022-01-04,105786-A,99.30,California
254,2022-01-04,105610-A,50.50,"New York"
255,2022-01-04,105777-A,244.56,Oregon
256,2022-01-04,105264-IT,1897.00,Oregon
257,2022-01-04,105713-S,37.20,Oregon
258,2022-01-04,105267-IT,1779.60,Oregon
259,2022-01-04,105703-B,88.50,Oregon
260,2022-01-04,105598-T,206.16,Oregon
261,2022-01-04,105691-M,198.75,Oregon
262,2022-01-04,105771-B,117.20,Oregon
263,2022-01-04,105432-S,36.12,Oregon
264,2022-01-04,105828-B,122.16,Oregon
265,2022-01-04,105257-IT,3575.00,Texas
266,2022-01-04,105557-S,47.95,Washington
267,2022-01-04,105397-S,5.24,Washington
268,2022-01-04,105636-S,12.32,Washington
269,2022-01-04,105832-S,114.56,Washington
270,2022-01-04,105762-B,471.36,Washington
271,2022-01-04,105653-M,33.00,Washington
272,2022-01-04,105443-M,36.36,Washington
273,2022-01-04,105655-M,61.14,Washington
274,2022-01-04,105341-IT,8818.50,Washington
275,2022-01-04,105334-IT,10203.52,Washington
276,2022-01-04,105591-S,49.75,Washington
277,2022-01-04,105374-B,122.16,Washington
278,2022-01-04,105742-B,178.15,Washington
279,2022-01-04,105257-IT,5720.00,California
280,2022-01-04,105755-A,173.10,Washington
281,2022-01-04,105355-B,97.12,California
282,2022-01-04,105596-S,25.76,Washington
283,2022-01-04,105589-M,117.20,California
284,2022-01-04,105366-T,213.82,Minnesota
285,2022-01-04,105656-S,12.70,Washington
286,2022-01-04,105367-M,52.40,California
287,2022-01-04,105359-B,117.20,Illinois
288,2022-01-04,105482-T,1207.00,Illinois
289,2022-01-04,105683-B,27.52,Oregon
290,2022-01-04,105705-S,122.16,California
291,2022-01-04,105327-IT,5028.48,California
292,2022-01-04,105705-S,101.80,Oregon
293,2022-01-04,105366-T,1496.74,Wyoming
294,2022-01-04,105381-M,110.00,Washington
295,2022-01-04,105307-IT,379.40,Washington
296,2022-01-04,105416-B,26.26,Washington
297,2022-01-04,105579-B,297.12,California
298,2022-01-04,105707-S,20.96,Washington
299,2022-01-04,105465-A,187.52,California
300,2022-01-04,105600-S,79.60,Oregon
301,2022-01-04,105660-A,95.22,Oregon
302,2022-01-04,105612-B,519.96,Washington
303,2022-01-04,105249-IT,852.94,California
304,2022-01-04,105701-M,145.98,Illinois
305,2022-01-04,105567-B,185.64,Washington
306,2022-01-04,105799-S,14.40,Oregon
307,2022-01-04,105396-S,141.60,Washington
308,2022-01-04,105784-B,40.72,Oregon
309,2022-01-04,105607-M,12.30,Washington
310,2022-01-04,105396-S,17.70,California
311,2022-01-04,105446-B,76.20,Texas
312,2022-01-04,105256-IT,3764.10,Washington
313,2022-01-04,105786-A,66.20,Washington
314,2022-01-04,105692-S,40.64,California
315,2022-01-04,105355-B,194.24,Oregon
316,2022-01-04,105778-A,277.12,"South Carolina"
317,2022-01-04,105832-S,28.64,Texas
318,2022-01-04,105607-M,36.90,California
319,2022-01-04,105415-A,489.12,California
320,2022-01-04,105314-IT,551.04,Washington
321,2022-01-04,105626-S,6.02,Oregon
322,2022-01-04,105792-S,65.65,Oregon
323,2022-01-04,105598-T,618.48,"New York"
324,2022-01-04,105612-B,148.56,Oregon
325,2022-01-04,105610-A,20.20,California
326,2022-01-05,105672-B,159.12,California
327,2022-01-05,105333-IT,7752.00,California
328,2022-01-05,105713-S,12.40,California
329,2022-01-05,105703-B,141.60,California
330,2022-01-05,105351-M,132.00,California
331,2022-01-05,105589-M,117.20,California
332,2022-01-05,105464-M,91.00,California
333,2022-01-05,105358-A,56.00,California
334,2022-01-05,105409-A,253.05,California
335,2022-01-05,105648-B,184.80,California
336,2022-01-05,105416-B,105.04,California
337,2022-01-05,105517-S,54.95,California
338,2022-01-05,105363-M,97.40,Illinois
339,2022-01-05,105566-A,158.88,Minnesota
340,2022-01-05,105366-T,213.82,Minnesota
341,2022-01-05,105665-T,1085.00,"New York"
342,2022-01-05,105493-B,1578.15,Ohio
343,2022-01-05,105362-B,88.50,Oregon
344,2022-01-05,105556-A,278.25,Oregon
345,2022-01-05,105438-A,202.44,Oregon
346,2022-01-05,105522-A,28.00,Oregon
347,2022-01-05,105321-IT,57.76,Oregon
348,2022-01-05,105275-IT,1483.00,Oregon
349,2022-01-05,105592-M,79.56,Oregon
350,2022-01-05,105570-M,216.90,Oregon
351,2022-01-05,105725-M,46.88,Oregon
352,2022-01-05,105529-M,83.00,Oregon
353,2022-01-05,105639-M,119.25,Oregon
354,2022-01-05,105572-B,145.68,Oregon
355,2022-01-05,105500-S,81.44,Oregon
356,2022-01-05,105449-A,72.60,Oregon
357,2022-01-05,105739-A,48.00,Oregon
358,2022-01-05,105415-A,427.98,Oregon
359,2022-01-05,105446-B,76.20,Oregon
360,2022-01-05,105831-B,142.52,Oregon
361,2022-01-05,105781-B,121.00,Washington
362,2022-01-05,105395-B,122.16,Washington
363,2022-01-05,105496-M,173.52,Washington
364,2022-01-05,105386-M,200.00,Washington
365,2022-01-05,105473-M,12.00,Washington
366,2022-01-05,105613-T,438.60,Washington
367,2022-01-05,105792-S,65.65,Washington
368,2022-01-05,105656-S,12.70,Washington
369,2022-01-05,105877-B,40.72,Washington
370,2022-01-05,105835-B,77.44,Washington
371,2022-01-05,105482-T,1931.20,Florida
372,2022-01-05,105406-M,114.24,Washington
373,2022-01-05,105828-B,122.16,Oregon
374,2022-01-05,105653-M,33.00,Washington
375,2022-01-05,105443-M,36.36,Washington
376,2022-01-05,105334-IT,10203.52,Washington
377,2022-01-05,105377-A,40.00,California
378,2022-01-05,105292-IT,569.10,California
379,2022-01-05,105660-A,142.83,California
380,2022-01-05,105747-M,129.90,Oregon
381,2022-01-05,105407-T,447.60,California
382,2022-01-05,105500-S,162.88,California
383,2022-01-05,105386-M,75.00,Minnesota
384,2022-01-05,105837-S,74.40,Oregon
385,2022-01-05,105479-A,122.16,California
386,2022-01-05,105798-B,30.48,Oregon
387,2022-01-05,105367-M,157.20,Oregon
388,2022-01-05,105808-M,26.52,Washington
389,2022-01-05,105604-T,977.68,California
390,2022-01-05,105550-B,88.50,Oregon
391,2022-01-05,105406-M,285.60,California
392,2022-01-05,105628-M,24.28,Oregon
393,2022-01-05,105566-A,317.76,Wyoming
394,2022-01-05,105404-M,19.48,Oregon
395,2022-01-05,105624-M,114.24,Oregon
396,2022-01-05,105502-B,117.20,Oregon
397,2022-01-05,105472-S,30.10,California
398,2022-01-05,105334-IT,3826.32,Oregon
399,2022-01-05,105518-M,122.16,Oregon
400,2022-01-05,105303-IT,461.16,Washington
401,2022-01-05,105665-T,155.00,Wyoming
402,2022-01-05,105395-B,81.44,California
403,2022-01-05,105335-IT,3771.36,California
404,2022-01-05,105524-M,88.00,California
405,2022-01-05,105627-S,20.16,Oregon
406,2022-01-05,105384-A,140.64,Illinois
407,2022-01-05,105780-B,50.90,California
408,2022-01-05,105428-M,65.50,California
409,2022-01-05,105434-S,8.64,Washington
410,2022-01-06,105253-IT,3207.52,California
411,2022-01-06,105318-IT,153.10,California
412,2022-01-06,105707-S,10.48,California
413,2022-01-06,105377-A,40.00,California
414,2022-01-06,105292-IT,569.10,California
415,2022-01-06,105330-IT,11011.52,California
416,2022-01-06,105386-M,75.00,California
417,2022-01-06,105367-M,52.40,California
418,2022-01-06,105480-M,12.00,California
419,2022-01-06,105617-M,403.90,California
420,2022-01-06,105363-M,97.40,California
421,2022-01-06,105485-T,205.80,California
422,2022-01-06,105867-B,40.72,California
423,2022-01-06,105434-S,17.28,California
424,2022-01-06,105250-IT,4186.40,California
425,2022-01-06,105269-IT,1719.85,California
426,2022-01-06,105784-B,81.44,California
427,2022-01-06,105531-A,173.10,California
428,2022-01-06,105647-B,123.90,California
429,2022-01-06,105359-B,117.20,Illinois
430,2022-01-06,105482-T,1207.00,Illinois
431,2022-01-06,105482-T,241.40,Kentucky
432,2022-01-06,105469-M,43.80,Ohio
433,2022-01-06,105333-IT,2584.00,Oregon
434,2022-01-06,105400-B,305.60,Oregon
435,2022-01-06,105351-M,352.00,Oregon
436,2022-01-06,105349-M,40.00,Oregon
437,2022-01-06,105464-M,65.00,Oregon
438,2022-01-06,105683-B,27.52,Oregon
439,2022-01-06,105482-T,1931.20,Texas
440,2022-01-06,105366-T,1282.92,Texas
441,2022-01-06,105665-T,1240.00,Texas
442,2022-01-06,105253-IT,4009.40,Washington
443,2022-01-06,105316-IT,66.26,Washington
444,2022-01-06,105614-A,122.16,Washington
445,2022-01-06,105354-T,665.50,Washington
446,2022-01-06,105819-B,164.08,Washington
447,2022-01-06,105394-A,203.84,Washington
448,2022-01-06,105598-T,618.48,Washington
449,2022-01-06,105498-M,278.04,Washington
450,2022-01-06,105431-M,145.68,Washington
451,2022-01-06,105620-M,48.56,Washington
452,2022-01-06,105660-A,333.27,Washington
453,2022-01-06,105252-IT,2445.00,Washington
454,2022-01-06,105500-S,20.36,Washington
455,2022-01-06,105867-B,142.52,Washington
456,2022-01-06,105623-A,152.88,Washington
457,2022-01-06,105809-S,29.85,Washington
458,2022-01-06,105319-IT,60.32,Washington
459,2022-01-06,105449-A,145.20,Washington
460,2022-01-06,105584-B,145.68,Washington
461,2022-01-06,105570-M,180.75,Wyoming
462,2022-01-06,105446-B,50.80,Wyoming
463,2022-01-06,105482-T,1931.20,"New York"
464,2022-01-06,105300-IT,622.48,California
465,2022-01-06,105324-IT,10354.40,California
466,2022-01-06,105771-B,140.64,California
467,2022-01-06,105465-A,117.20,Oregon
468,2022-01-06,105576-S,12.00,Oregon
469,2022-01-06,105799-S,2.40,California
470,2022-01-06,105713-S,12.40,California
471,2022-01-06,105746-B,132.60,California
472,2022-01-06,105710-A,36.36,California
473,2022-01-06,105262-IT,3017.50,Oregon
474,2022-01-06,105788-A,342.72,Washington
475,2022-01-06,105442-A,318.50,Oregon
476,2022-01-06,105665-T,930.00,Washington
477,2022-01-06,105269-IT,343.97,Washington
478,2022-01-06,105543-S,5.76,California
479,2022-01-06,105262-IT,1207.00,Minnesota
480,2022-01-06,105471-S,39.25,California
481,2022-01-06,105711-B,121.40,Oregon
482,2022-01-06,105252-IT,4075.00,Oregon
483,2022-01-06,105665-T,930.00,Ohio
484,2022-01-06,105350-T,720.00,Washington
485,2022-01-06,105637-M,346.20,Washington
486,2022-01-06,105648-B,105.60,Washington
487,2022-01-06,105680-B,302.16,Oregon
488,2022-01-06,105404-M,116.88,Washington
489,2022-01-06,105484-A,115.68,California
490,2022-01-06,105274-IT,296.60,California
491,2022-01-06,105376-M,267.00,Oregon
492,2022-01-06,105409-A,72.30,Ohio
493,2022-01-06,105359-B,46.88,California
494,2022-01-06,105493-B,225.45,California
495,2022-01-06,105514-T,1319.40,Virginia
496,2022-01-06,105526-S,19.36,Washington
497,2022-01-06,105656-S,38.10,Oregon
498,2022-01-06,105388-B,246.80,Washington
499,2022-01-06,105405-M,183.42,Washington
500,2022-01-06,105292-IT,113.82,Oregon
501,2022-01-06,105556-A,79.50,Washington
502,2022-01-06,105453-T,319.16,California
503,2022-01-06,105257-IT,2145.00,Kentucky
504,2022-01-06,105482-T,241.40,Missouri
505,2022-01-06,105514-T,2111.04,Massachusetts
506,2022-01-06,105446-B,101.60,"New York"
507,2022-01-06,105374-B,81.44,Oregon
508,2022-01-06,105783-B,234.40,Washington
509,2022-01-06,105432-S,42.14,Washington
510,2022-01-06,105410-B,101.80,Washington
511,2022-01-06,105381-M,275.00,Oregon
512,2022-01-07,105746-B,132.60,California
513,2022-01-07,105659-A,192.00,California
514,2022-01-07,105705-S,122.16,California
515,2022-01-07,105710-A,36.36,California
516,2022-01-07,105327-IT,5028.48,California
517,2022-01-07,105653-M,22.00,California
518,2022-01-07,105660-A,142.83,California
519,2022-01-07,105575-T,993.00,California
520,2022-01-07,105273-IT,607.04,California
521,2022-01-07,105717-B,40.72,California
522,2022-01-07,105550-B,123.90,California
523,2022-01-07,105584-B,145.68,California
524,2022-01-07,105665-T,1085.00,Kentucky
525,2022-01-07,105388-B,148.08,Oregon
526,2022-01-07,105262-IT,3017.50,Oregon
527,2022-01-07,105596-S,38.64,Oregon
528,2022-01-07,105705-S,101.80,Oregon
529,2022-01-07,105395-B,40.72,Oregon
530,2022-01-07,105493-B,1127.25,Oregon
531,2022-01-07,105878-S,52.52,Oregon
532,2022-01-07,105251-IT,5792.15,Oregon
533,2022-01-07,105734-M,114.24,Oregon
534,2022-01-07,105747-M,129.90,Oregon
535,2022-01-07,105453-T,159.58,Oregon
536,2022-01-07,105737-T,691.68,Oregon
537,2022-01-07,105593-S,142.52,Oregon
538,2022-01-07,105436-S,30.24,Oregon
539,2022-01-07,105649-A,342.72,Oregon
540,2022-01-07,105579-B,594.24,Oregon
541,2022-01-07,105717-B,142.52,Oregon
542,2022-01-07,105331-IT,3882.90,Washington
543,2022-01-07,105696-S,63.50,Washington
544,2022-01-07,105321-IT,202.16,Washington
545,2022-01-07,105337-IT,5207.52,Washington
546,2022-01-07,105495-A,91.00,Washington
547,2022-01-07,105425-M,396.00,Washington
548,2022-01-07,105349-M,40.00,Washington
549,2022-01-07,105753-M,509.60,Washington
550,2022-01-07,105722-S,12.12,Washington
551,2022-01-07,105677-A,366.84,Washington
552,2022-01-07,105353-A,142.52,Washington
553,2022-01-07,105821-S,7.20,Washington
554,2022-01-07,105543-S,17.28,Washington
555,2022-01-07,105880-B,101.80,Washington
556,2022-01-07,105599-S,50.16,Washington
557,2022-01-07,105600-S,39.80,Washington
558,2022-01-07,105277-IT,2177.92,Washington
559,2022-01-07,105482-T,482.80,Wyoming
560,2022-01-07,105366-T,1496.74,Wyoming
561,2022-01-07,105352-M,190.44,California
562,2022-01-07,105341-IT,8818.50,California
563,2022-01-07,105588-S,56.70,Illinois
564,2022-01-07,105712-S,12.04,Washington
565,2022-01-07,105559-S,50.80,Oregon
566,2022-01-07,105529-M,16.60,Washington
567,2022-01-07,105432-S,36.12,Oregon
568,2022-01-07,105672-B,159.12,California
569,2022-01-07,105665-T,1240.00,Texas
570,2022-01-07,105251-IT,3309.80,Illinois
571,2022-01-07,105739-A,12.00,Washington
572,2022-01-07,105413-A,115.40,California
573,2022-01-07,105665-T,1085.00,Minnesota
574,2022-01-07,105358-A,112.00,Oregon
575,2022-01-07,105581-B,25.40,Oregon
576,2022-01-07,105855-A,65.50,Oregon
577,2022-01-07,105464-M,78.00,Washington
578,2022-01-07,105784-B,162.88,Washington
579,2022-01-07,105322-IT,28.69,Washington
580,2022-01-07,105354-T,133.10,California
581,2022-01-07,105324-IT,3882.90,Washington
582,2022-01-07,105440-M,288.50,Oregon
583,2022-01-07,105638-M,72.90,Oregon
584,2022-01-07,105734-M,57.12,Washington
585,2022-01-07,105711-B,121.40,California
586,2022-01-07,105793-B,77.44,Illinois
587,2022-01-07,105639-M,198.75,Washington
588,2022-01-07,105879-B,127.25,Oregon
589,2022-01-07,105364-S,88.50,Oregon
590,2022-01-07,105425-M,330.00,California
591,2022-01-07,105315-IT,241.01,Georgia
592,2022-01-07,105467-S,6.02,Oregon
593,2022-01-07,105882-B,79.56,Washington
594,2022-01-07,105618-M,193.27,Washington
595,2022-01-07,105855-A,524.00,California
596,2022-01-07,105842-B,60.96,California
597,2022-01-07,105585-B,148.56,"South Carolina"
598,2022-01-07,105794-S,19.20,California
599,2022-01-07,105425-M,330.00,Oregon
600,2022-01-08,105260-IT,1305.80,California
601,2022-01-08,105488-T,328.40,California
602,2022-01-08,105389-S,74.40,California
603,2022-01-08,105778-A,138.56,California
604,2022-01-08,105619-T,432.00,California
605,2022-01-08,105442-A,191.10,California
606,2022-01-08,105762-B,235.68,California
607,2022-01-08,105555-M,66.20,California
608,2022-01-08,105381-M,55.00,California
609,2022-01-08,105407-T,447.60,California
610,2022-01-08,105500-S,162.88,California
611,2022-01-08,105836-A,115.40,California
612,2022-01-08,105309-IT,377.10,California
613,2022-01-08,105742-B,76.35,California
614,2022-01-08,105482-T,1689.80,Georgia
615,2022-01-08,105251-IT,3309.80,Illinois
616,2022-01-08,105570-M,36.15,Illinois
617,2022-01-08,105721-B,146.50,Illinois
618,2022-01-08,105386-M,75.00,Minnesota
619,2022-01-08,105408-S,8.64,"New York"
620,2022-01-08,105672-B,26.52,Oregon
621,2022-01-08,105258-IT,701.88,Oregon
622,2022-01-08,105316-IT,265.04,Oregon
623,2022-01-08,105263-IT,2276.40,Oregon
624,2022-01-08,105398-A,211.84,Oregon
625,2022-01-08,105615-B,202.44,Oregon
626,2022-01-08,105866-B,82.56,Oregon
627,2022-01-08,105314-IT,275.52,Oregon
628,2022-01-08,105511-M,145.98,Oregon
629,2022-01-08,105623-A,305.76,Oregon
630,2022-01-08,105257-IT,2145.00,Oregon
631,2022-01-08,105309-IT,603.36,Oregon
632,2022-01-08,105580-B,226.88,Oregon
633,2022-01-08,105550-B,123.90,Texas
634,2022-01-08,105323-IT,86.07,Washington
635,2022-01-08,105788-A,342.72,Washington
636,2022-01-08,105799-S,9.60,Washington
637,2022-01-08,105514-T,1847.16,Washington
638,2022-01-08,105866-B,27.52,Washington
639,2022-01-08,105725-M,140.64,Washington
640,2022-01-08,105381-M,110.00,Washington
641,2022-01-08,105453-T,478.74,Washington
642,2022-01-08,105588-S,47.25,Washington
643,2022-01-08,105307-IT,379.40,Washington
644,2022-01-08,105739-A,12.00,Washington
645,2022-01-08,105825-S,72.72,Washington
646,2022-01-08,105720-A,4.00,Washington
647,2022-01-08,105828-B,142.52,Washington
648,2022-01-08,105416-B,26.26,Washington
649,2022-01-08,105274-IT,1186.40,Washington
650,2022-01-08,105533-M,158.40,Oregon
651,2022-01-08,105584-B,121.40,Oregon
652,2022-01-08,105652-S,60.96,California
653,2022-01-08,105751-M,53.04,California
654,2022-01-08,105264-IT,1897.00,Oregon
655,2022-01-08,105349-M,40.00,Oregon
656,2022-01-08,105464-M,65.00,Oregon
657,2022-01-08,105252-IT,2445.00,Washington
658,2022-01-08,105593-S,142.52,Oregon
659,2022-01-08,105696-S,76.20,California
660,2022-01-08,105620-M,194.24,California
661,2022-01-08,105399-A,896.00,California
662,2022-01-08,105428-M,65.50,Oregon
663,2022-01-08,105866-B,165.12,California
664,2022-01-08,105320-IT,120.64,California
665,2022-01-08,105576-S,19.20,California
666,2022-01-08,105401-B,70.32,Oregon
667,2022-01-08,105874-B,48.56,California
668,2022-01-08,105470-S,18.90,California
669,2022-01-08,105393-B,86.26,California
670,2022-01-08,105874-B,24.28,Washington
671,2022-01-08,105575-T,496.50,Oregon
672,2022-01-08,105825-S,54.54,Oregon
673,2022-01-08,105328-IT,6254.80,California
674,2022-01-08,105482-T,482.80,California
675,2022-01-08,105408-S,25.92,Oregon
676,2022-01-08,105608-A,97.20,Oregon
677,2022-01-08,105526-S,96.80,California
678,2022-01-08,105438-A,202.44,California
679,2022-01-08,105398-A,264.80,California
680,2022-01-08,105272-IT,938.10,California
681,2022-01-08,105834-A,116.88,California
682,2022-01-08,105817-B,84.84,Oregon
683,2022-01-08,105836-A,461.60,Oregon
684,2022-01-08,105746-B,212.16,Oregon
685,2022-01-08,105598-T,1236.96,California
686,2022-01-08,105614-A,101.80,California
687,2022-01-08,105260-IT,5223.20,Oregon
688,2022-01-09,105696-S,76.20,California
689,2022-01-09,105594-T,144.40,California
690,2022-01-09,105251-IT,3309.80,California
691,2022-01-09,105624-M,456.96,California
692,2022-01-09,105372-S,31.40,California
693,2022-01-09,105509-A,12.00,California
694,2022-01-09,105502-B,70.32,California
695,2022-01-09,105413-A,115.40,California
696,2022-01-09,105704-S,24.08,California
697,2022-01-09,105579-B,297.12,California
698,2022-01-09,105683-B,27.52,California
699,2022-01-09,105798-B,106.68,Kentucky
700,2022-01-09,105570-M,144.60,Kentucky
701,2022-01-09,105665-T,1085.00,Minnesota
702,2022-01-09,105331-IT,2588.60,Oregon
703,2022-01-09,105488-T,656.80,Oregon
704,2022-01-09,105442-A,318.50,Oregon
705,2022-01-09,105495-A,78.00,Oregon
706,2022-01-09,105837-S,74.40,Oregon
707,2022-01-09,105625-M,103.92,Oregon
708,2022-01-09,105366-T,641.46,Oregon
709,2022-01-09,105588-S,66.15,Oregon
710,2022-01-09,105658-B,20.36,Oregon
711,2022-01-09,105647-B,53.10,Oregon
712,2022-01-09,105514-T,1583.28,Utah
713,2022-01-09,105787-A,97.92,Washington
714,2022-01-09,105732-B,40.72,Washington
715,2022-01-09,105597-S,71.60,Washington
716,2022-01-09,105401-B,140.64,Washington
717,2022-01-09,105665-T,930.00,Washington
718,2022-01-09,105576-S,7.20,Washington
719,2022-01-09,105641-A,159.12,Washington
720,2022-01-09,105269-IT,343.97,Washington
721,2022-01-09,105417-B,25.45,Washington
722,2022-01-09,105646-M,173.10,California
723,2022-01-09,105808-M,106.08,Oregon
724,2022-01-09,105877-B,81.44,Oregon
725,2022-01-09,105764-B,519.96,California
726,2022-01-09,105605-M,97.12,Oregon
727,2022-01-09,105449-A,72.60,Oregon
728,2022-01-09,105351-M,352.00,Oregon
729,2022-01-09,105388-B,148.08,Oregon
730,2022-01-09,105493-B,1127.25,Oregon
731,2022-01-09,105482-T,482.80,Wyoming
732,2022-01-09,105836-A,115.40,California
733,2022-01-09,105274-IT,1186.40,Washington
734,2022-01-09,105454-M,14.00,Minnesota
735,2022-01-09,105517-S,47.10,"New York"
736,2022-01-09,105479-A,20.36,Washington
737,2022-01-09,105278-IT,1361.20,Washington
738,2022-01-09,105514-T,1055.52,Ohio
739,2022-01-09,105717-B,122.16,Washington
740,2022-01-09,105508-S,63.63,California
741,2022-01-09,105779-S,20.20,Ohio
742,2022-01-09,105514-T,791.64,"South Carolina"
743,2022-01-09,105870-B,440.72,California
744,2022-01-09,105654-T,762.00,California
745,2022-01-09,105747-M,216.50,California
746,2022-01-09,105690-A,173.20,Washington
747,2022-01-09,105558-M,8.00,California
748,2022-01-09,105524-M,352.00,Oregon
749,2022-01-09,105794-S,2.40,Minnesota
750,2022-01-09,105680-B,352.52,Washington
751,2022-01-09,105781-B,169.40,California
752,2022-01-09,105665-T,465.00,Oregon
753,2022-01-09,105261-IT,622.32,Oregon
754,2022-01-09,105655-M,183.42,Oregon
755,2022-01-09,105269-IT,343.97,Oregon
756,2022-01-09,105279-IT,2177.92,California
757,2022-01-09,105506-B,17.70,Oregon
758,2022-01-09,105322-IT,57.38,California
759,2022-01-09,105482-T,241.40,Utah
760,2022-01-09,105310-IT,71.74,California
761,2022-01-09,105729-A,24.30,Kentucky
762,2022-01-09,105328-IT,6254.80,Washington
763,2022-01-09,105310-IT,502.18,Oregon
764,2022-01-09,105305-IT,610.88,Oregon
765,2022-01-09,105452-M,56.00,Washington
766,2022-01-09,105522-A,21.00,Washington
767,2022-01-09,105273-IT,1517.60,Oregon
768,2022-01-09,105319-IT,120.64,Oregon
769,2022-01-09,105274-IT,1779.60,Oregon
770,2022-01-10,105323-IT,28.69,California
771,2022-01-10,105479-A,122.16,California
772,2022-01-10,105559-S,50.80,California
773,2022-01-10,105690-A,303.10,California
774,2022-01-10,105615-B,86.76,California
775,2022-01-10,105798-B,45.72,California
776,2022-01-10,105495-A,39.00,California
777,2022-01-10,105452-M,112.00,California
778,2022-01-10,105529-M,16.60,California
779,2022-01-10,105701-M,170.31,California
780,2022-01-10,105620-M,194.24,California
781,2022-01-10,105618-M,27.61,California
782,2022-01-10,105623-A,305.76,California
783,2022-01-10,105574-A,13.13,California
784,2022-01-10,105543-S,5.76,California
785,2022-01-10,105449-A,169.40,California
786,2022-01-10,105581-B,12.70,California
787,2022-01-10,105374-B,142.52,Illinois
788,2022-01-10,105831-B,162.88,Illinois
789,2022-01-10,105277-IT,1905.68,Illinois
790,2022-01-10,105262-IT,1207.00,Minnesota
791,2022-01-10,105454-M,14.00,Minnesota
792,2022-01-10,105570-M,289.20,Mississippi
793,2022-01-10,105517-S,47.10,"New York"
794,2022-01-10,105570-M,36.15,Ohio
795,2022-01-10,105322-IT,172.14,Oregon
796,2022-01-10,105478-B,35.40,Oregon
797,2022-01-10,105823-M,20.00,Oregon
798,2022-01-10,105406-M,114.24,Oregon
799,2022-01-10,105358-A,112.00,Oregon
800,2022-01-10,105648-B,211.20,Oregon
801,2022-01-10,105581-B,25.40,Oregon
802,2022-01-10,105647-B,88.50,"South Carolina"
803,2022-01-10,105479-A,20.36,Washington
804,2022-01-10,105318-IT,91.86,Washington
805,2022-01-10,105687-S,27.27,Washington
806,2022-01-10,105263-IT,2655.80,Washington
807,2022-01-10,105626-S,36.12,Washington
808,2022-01-10,105729-A,36.45,Washington
809,2022-01-10,105399-A,224.00,Washington
810,2022-01-10,105330-IT,6882.20,Washington
811,2022-01-10,105523-M,72.90,Washington
812,2022-01-10,105735-M,310.80,Washington
813,2022-01-10,105625-M,259.80,Washington
814,2022-01-10,105572-B,145.68,Washington
815,2022-01-10,105451-S,32.60,Washington
816,2022-01-10,105257-IT,4290.00,Washington
817,2022-01-10,105834-A,77.92,Washington
818,2022-01-10,105278-IT,1361.20,Washington
819,2022-01-10,105658-B,101.80,Washington
820,2022-01-10,105587-S,24.08,Oregon
821,2022-01-10,105501-A,262.00,Washington
822,2022-01-10,105419-B,121.92,California
823,2022-01-10,105835-B,19.36,Oregon
824,2022-01-10,105607-M,36.90,Oregon
825,2022-01-10,105852-S,25.44,Washington
826,2022-01-10,105610-A,50.50,"New York"
827,2022-01-10,105771-B,117.20,Oregon
828,2022-01-10,105493-B,1578.15,Ohio
829,2022-01-10,105570-M,216.90,Oregon
830,2022-01-10,105386-M,200.00,Washington
831,2022-01-10,105792-S,65.65,Washington
832,2022-01-10,105867-B,40.72,California
833,2022-01-10,105400-B,305.60,Oregon
834,2022-01-10,105366-T,1282.92,Texas
835,2022-01-10,105273-IT,607.04,California
836,2022-01-10,105495-A,91.00,Washington
837,2022-01-10,105722-S,12.12,Washington
838,2022-01-10,105778-A,138.56,California
839,2022-01-10,105672-B,26.52,Oregon
840,2022-01-10,105514-T,1583.28,Utah
841,2022-01-10,105628-M,24.28,Washington
842,2022-01-10,105655-M,122.28,California
843,2022-01-10,105628-M,72.84,California
844,2022-01-10,105701-M,72.99,Oregon
845,2022-01-10,105438-A,28.92,Washington
846,2022-01-10,105868-B,61.08,Washington
847,2022-01-10,105487-S,79.60,Washington
848,2022-01-10,105847-B,162.88,California
849,2022-01-10,105558-M,40.00,Ohio
850,2022-01-10,105275-IT,889.80,Washington
851,2022-01-10,105248-IT,7067.84,Oregon
852,2022-01-10,105509-A,84.00,Washington
853,2022-01-10,105427-S,81.28,Washington
854,2022-01-10,105837-S,12.40,Washington
855,2022-01-10,105666-A,82.83,Washington
856,2022-01-10,105514-T,791.64,Georgia
857,2022-01-10,105418-B,61.08,Oregon
858,2022-01-10,105482-T,1931.20,Washington
859,2022-01-10,105408-S,17.28,Washington
860,2022-01-10,105710-A,54.54,Oregon
861,2022-01-10,105366-T,1282.92,Illinois
862,2022-01-10,105663-M,211.84,Oregon
863,2022-01-10,105258-IT,5615.04,Washington
864,2022-01-10,105580-B,113.44,Washington
865,2022-01-10,105616-S,58.08,Oregon
866,2022-01-10,105840-A,297.90,Oregon
867,2022-01-10,105327-IT,5028.48,Washington
868,2022-01-10,105496-M,115.68,Oregon
869,2022-01-10,105364-S,17.70,Florida
870,2022-01-10,105304-IT,535.71,Oregon
871,2022-01-11,105331-IT,6471.50,California
872,2022-01-11,105394-A,356.72,California
873,2022-01-11,105399-A,896.00,California
874,2022-01-11,105400-B,305.60,California
875,2022-01-11,105282-IT,949.12,California
876,2022-01-11,105353-A,81.44,California
877,2022-01-11,105642-B,101.60,California
878,2022-01-11,105718-B,194.24,California
879,2022-01-11,105664-A,36.36,California
880,2022-01-11,105471-S,39.25,California
881,2022-01-11,105506-B,106.20,Florida
882,2022-01-11,105817-B,48.48,Illinois
883,2022-01-11,105570-M,108.45,"New York"
884,2022-01-11,105257-IT,3575.00,"New York"
885,2022-01-11,105300-IT,389.05,Oregon
886,2022-01-11,105856-B,193.60,Oregon
887,2022-01-11,105711-B,121.40,Oregon
888,2022-01-11,105619-T,288.00,Oregon
889,2022-01-11,105397-S,41.92,Oregon
890,2022-01-11,105870-B,1322.16,Oregon
891,2022-01-11,105653-M,44.00,Oregon
892,2022-01-11,105386-M,200.00,Oregon
893,2022-01-11,105428-M,65.50,Oregon
894,2022-01-11,105407-T,447.60,Oregon
895,2022-01-11,105485-T,1234.80,Oregon
896,2022-01-11,105821-S,14.40,Oregon
897,2022-01-11,105409-A,253.05,Oregon
898,2022-01-11,105855-A,65.50,Oregon
899,2022-01-11,105310-IT,143.48,Washington
900,2022-01-11,105320-IT,241.28,Washington
901,2022-01-11,105707-S,20.96,Washington
902,2022-01-11,105853-A,202.75,Washington
903,2022-01-11,105833-B,459.12,Washington
904,2022-01-11,105464-M,78.00,Washington
905,2022-01-11,105628-M,24.28,Washington
906,2022-01-11,105302-IT,618.88,Washington
907,2022-01-11,105579-B,445.68,Washington
908,2022-01-11,105255-IT,1542.72,California
909,2022-01-11,105501-A,366.80,Oregon
910,2022-01-11,105305-IT,76.36,California
911,2022-01-11,105421-S,49.75,California
912,2022-01-11,105574-A,78.78,Texas
913,2022-01-11,105283-IT,1186.40,Oregon
914,2022-01-11,105641-A,79.56,Oregon
915,2022-01-11,105879-B,25.45,Washington
916,2022-01-11,105649-A,342.72,Washington
917,2022-01-11,105409-A,253.05,California
918,2022-01-11,105566-A,158.88,Minnesota
919,2022-01-11,105318-IT,153.10,California
920,2022-01-11,105482-T,241.40,Kentucky
921,2022-01-11,105482-T,1931.20,Texas
922,2022-01-11,105395-B,40.72,Oregon
923,2022-01-11,105408-S,8.64,"New York"
924,2022-01-11,105828-B,142.52,Washington
925,2022-01-11,105495-A,78.00,Oregon
926,2022-01-11,105641-A,159.12,Washington
927,2022-01-11,105570-M,253.05,Minnesota
928,2022-01-11,105556-A,318.00,California
929,2022-01-11,105769-B,35.40,California
930,2022-01-11,105366-T,855.28,Missouri
931,2022-01-11,105654-T,914.40,Washington
932,2022-01-11,105681-B,201.80,Oregon
933,2022-01-11,105367-M,52.40,Washington
934,2022-01-11,105431-M,169.96,California
935,2022-01-11,105709-B,445.68,Oregon
936,2022-01-11,105856-B,121.00,California
937,2022-01-11,105732-B,81.44,California
938,2022-01-11,105313-IT,482.16,Washington
939,2022-01-11,105572-B,169.96,California
940,2022-01-11,105718-B,24.28,Oregon
941,2022-01-11,105409-A,289.20,Washington
942,2022-01-11,105304-IT,229.59,Washington
943,2022-01-11,105626-S,6.02,California
944,2022-01-11,105721-B,205.10,Oregon
945,2022-01-11,105482-T,1448.40,Virginia
946,2022-01-11,105469-M,58.40,Washington
947,2022-01-11,105468-S,141.60,Oregon
948,2022-01-11,105555-M,231.70,Washington
949,2022-01-11,105280-IT,1529.40,California
950,2022-01-11,105393-B,345.04,Washington
951,2022-01-12,105465-A,187.52,California
952,2022-01-12,105630-B,242.16,California
953,2022-01-12,105687-S,54.54,California
954,2022-01-12,105304-IT,612.24,California
955,2022-01-12,105263-IT,3035.20,California
956,2022-01-12,105859-B,24.20,California
957,2022-01-12,105866-B,165.12,California
958,2022-01-12,105763-S,20.20,California
959,2022-01-12,105655-M,122.28,California
960,2022-01-12,105349-M,16.00,California
961,2022-01-12,105628-M,72.84,California
962,2022-01-12,105665-T,155.00,California
963,2022-01-12,105436-S,30.24,California
964,2022-01-12,105641-A,106.08,California
965,2022-01-12,105446-B,12.70,California
966,2022-01-12,105688-S,12.12,Illinois
967,2022-01-12,105446-B,50.80,Minnesota
968,2022-01-12,105514-T,1055.52,Ohio
969,2022-01-12,105594-T,866.40,Oregon
970,2022-01-12,105798-B,30.48,Oregon
971,2022-01-12,105898-B,58.92,Oregon
972,2022-01-12,105439-M,240.00,Oregon
973,2022-01-12,105367-M,157.20,Oregon
974,2022-01-12,105701-M,72.99,Oregon
975,2022-01-12,105722-S,72.72,Oregon
976,2022-01-12,105252-IT,4075.00,Oregon
977,2022-01-12,105375-S,47.95,Oregon
978,2022-01-12,105613-T,1096.50,Oregon
979,2022-01-12,105704-S,36.12,Oregon
980,2022-01-12,105514-T,1847.16,Texas
981,2022-01-12,105849-B,63.50,Washington
982,2022-01-12,105438-A,28.92,Washington
983,2022-01-12,105746-B,159.12,Washington
984,2022-01-12,105688-S,84.84,Washington
985,2022-01-12,105808-M,26.52,Washington
986,2022-01-12,105747-M,216.50,Washington
987,2022-01-12,105428-M,393.00,Washington
988,2022-01-12,105751-M,132.60,Washington
989,2022-01-12,105280-IT,1784.30,Washington
990,2022-01-12,105692-S,81.28,Washington
991,2022-01-12,105784-B,162.88,Washington
992,2022-01-12,105642-B,81.28,Washington
993,2022-01-12,105717-B,122.16,Washington
994,2022-01-12,105868-B,61.08,Washington
995,2022-01-12,105315-IT,68.86,Washington
996,2022-01-12,105514-T,1055.52,California
997,2022-01-12,105798-B,60.96,Florida
998,2022-01-12,105405-M,183.42,California
999,2022-01-12,105411-S,81.44,California
1000,2022-01-12,105312-IT,68.88,Oregon
